{
	"class_name" : "PinholeCameraParameters",
	"extrinsic" : 
	[
		0.9855852458755654,
		-0.16861926480463088,
		-0.013757421602440026,
		0.0,
		-0.048595304025500316,
		-0.36005446948382036,
		0.93166478705132671,
		0.0,
		-0.16205005257348951,
		-0.91756652213421053,
		-0.36305847727254464,
		0.0,
		-606983.50528478611,
		277886.45798732003,
		-430958.47436266538,
		1.0
	],
	"intrinsic" : 
	{
		"height" : 1061,
		"intrinsic_matrix" : 
		[
			918.85295341528945,
			0.0,
			0.0,
			0.0,
			918.85295341528945,
			0.0,
			959.5,
			530.0,
			1.0
		],
		"width" : 1920
	},
	"version_major" : 1,
	"version_minor" : 0
}