{
	"class_name" : "PinholeCameraParameters",
	"extrinsic" : 
	[
		0.73027862841905322,
		0.32013488001223428,
		-0.60349547096389955,
		0.0,
		0.68221619435578074,
		-0.38791223413997061,
		0.61976218242423631,
		0.0,
		-0.035695784528456689,
		-0.86431346003871146,
		-0.50168521381719933,
		0.0,
		-788857.41552934051,
		-21347.828551731945,
		93228.999908024824,
		1.0
	],
	"intrinsic" : 
	{
		"height" : 1061,
		"intrinsic_matrix" : 
		[
			918.85295341528945,
			0.0,
			0.0,
			0.0,
			918.85295341528945,
			0.0,
			959.5,
			530.0,
			1.0
		],
		"width" : 1920
	},
	"version_major" : 1,
	"version_minor" : 0
}